,val_loss,val_KL_loss,val_RecoNLL_loss,val_RecoNLL_met_loss,val_RecoNLL_mt_loss,val_RecoNLL_mbb_loss,val_RecoNLL_mct2_loss,val_RecoNLL_mlb1_loss,val_RecoNLL_lep1Pt_loss,val_RecoNLL_nJet30_loss,val_RecoNLL_nBJet30_MV2c10_loss,loss,KL_loss,RecoNLL_loss,RecoNLL_met_loss,RecoNLL_mt_loss,RecoNLL_mbb_loss,RecoNLL_mct2_loss,RecoNLL_mlb1_loss,RecoNLL_lep1Pt_loss,RecoNLL_nJet30_loss,RecoNLL_nBJet30_MV2c10_loss,lr
0,2005.1164445414101,2666.4947056012484,405.21955476914286,96.07370209645003,118.64393700064785,8.441878738775786,156.82954199492852,7.391741474566228,14.155751725136248,2.6849402806933833,0.9980638677245811,147134.6594490007,3750.6749819505267,144884.2540187053,2181.881780984326,126.341917701707,219.90573058364663,141695.6019423255,8.706222271061142,644.3198517649248,5.146956521485882,2.3474637152538063,0.003000000026077032
1,1386.6157485706926,1720.6456814345916,354.2282951193683,95.8305339700032,95.04150822163737,8.450186844613873,130.1435622040071,8.34924056512197,14.193290449853531,1.2757526834909052,0.9442175152173786,1663.2728057817926,2150.941296946258,372.70798080706413,96.00968029697019,99.23098087759406,8.4458769541733,143.9112029117876,8.114183602845847,14.190435022692778,1.7305605278770482,1.0750613558632762,0.003000000026077032
2,1118.1670544395868,1261.7039207323073,361.14467780999496,95.2520444598888,93.51886026287347,8.391004416443302,140.4794161790075,7.745164529306246,13.939123377113873,1.0562404471502307,0.762820595258814,1244.7439700390496,1486.2420945016786,352.99867779195813,95.56124643146985,94.07607962784967,8.430145738161624,130.6727038655679,8.103368963379918,14.112133640831402,1.1620588969015837,0.8809448979430642,0.003000000026077032
3,930.6859322730415,985.3793236805228,339.45831301999823,94.81574795947301,89.0715718022733,8.369527382750618,125.23330858308475,6.433453013266189,13.808758384578974,0.9759724052821644,0.7499703866769751,1021.1237925308407,1125.9357715853323,345.5623027491447,95.07645463249692,91.24156171437518,8.38868172379216,128.0361560654189,7.094731333792803,13.919068188130524,1.0344827442353852,0.7711701121806003,0.003000000026077032
4,818.132643361688,799.0761265564424,338.68694957600337,94.30700991248463,87.79806348534977,8.320807029964712,127.21100010598146,5.876890598037123,13.644041577376132,0.8965373595173072,0.6325975579515516,881.2081920998113,896.3532340727154,343.39622765476287,94.52548226704027,89.07693706880107,8.336388554357619,130.03609004081724,6.049990832081849,13.684759211375903,0.9568775583182079,0.729701402404874,0.003000000026077032
5,731.0533623812356,664.3977227344674,332.41471551340567,93.75242849848213,85.04617593353825,8.264957351633447,123.88180277343196,6.463488554617405,13.558600974976944,0.8517992754973439,0.5954686220448704,777.8426634259877,736.2662586745907,336.08288926434534,94.01936880674447,86.8772801206326,8.288834087646004,125.76660123281935,5.978244946438796,13.585891758478805,0.9122761768345864,0.6543890289190418,0.003000000026077032
6,698.4905600165804,561.7759139226315,361.4249978138654,92.81701732458447,84.4308051125042,8.145860029363046,154.8359580980924,5.932000366403743,13.501652132912831,0.9534468154473856,0.808255678171911,720.770678024534,617.5377550482972,350.2480126850298,93.27273596711551,85.72951244074228,8.19649499376341,141.8544580192303,5.931947099994275,13.563935388035697,1.0878249247125509,0.6111056349781147,0.003000000026077032
7,617.797588924198,481.29306749831574,329.0217400180385,92.46761668112171,83.92560615223424,8.173067561060055,123.70061305977534,5.938267547766111,13.489929492339991,0.8073777562777115,0.519261486015066,658.8393621525036,525.4534480369608,343.5672814845256,92.70161118323244,84.19627414424184,8.171332290352284,137.19648508060007,6.339835707722184,13.53335291895143,0.8603894448543766,0.5680000447115822,0.003000000026077032
8,574.6628612544081,416.8256112573327,324.56748507639264,91.81823112613617,81.19447284468225,8.125789702220652,122.83983725240088,5.868282065800914,13.39998725375921,0.7660827988611609,0.5548017719585343,599.6532037240673,452.7098934923503,328.02725651733414,92.154981453118,82.75246877141339,8.1478592109242,124.31375867232049,5.842729114701067,13.474944872324583,0.8050588093940101,0.5354547433578764,0.003000000026077032
9,566.6232358013693,363.44829477091554,348.5542507838835,90.8607912464495,80.11265946613524,8.029765538149725,148.53882329220016,6.322392953445388,13.392105440992633,0.8190674140661808,0.47864628487928584,565.5638830695941,393.4538701817682,329.49154928165876,91.44886921172251,81.56375494233863,8.093111815565774,127.86012076267384,5.834012125712388,13.381599577755704,0.7974423290655293,0.5126388250979432,0.003000000026077032
10,513.7353814232027,318.9204177841839,322.3831247703691,90.31601118286991,80.81084113095862,8.033465604260705,123.00580260118706,5.796219262885593,13.216903455297258,0.7228749688519426,0.4810062249531433,534.1866215638162,344.02398799491027,327.7722215342608,90.67329459654113,80.57795896865048,8.051846070201453,128.10122871044206,5.789351954082994,13.337830252543592,0.754357708275103,0.4863525676383008,0.003000000026077032
11,486.4945664680347,281.1183901002409,317.8235267155267,89.50421936212103,78.80240756802918,7.990491937763519,121.45291485643112,5.76428770496669,13.080425772922414,0.716981174819459,0.5117981735649221,501.30229678277624,302.6126685147212,319.73468733360727,89.9282432141339,79.72604649970157,8.011844156242516,121.90737521926184,5.781336681285425,13.158144259058977,0.7341450384729684,0.48755260958033597,0.003000000026077032
12,458.25331002000587,249.2210243170219,308.72069101662527,88.57141054667434,79.3490000183491,7.9440044245352,120.52656345906307,5.794013929527476,5.371044635733581,0.7012326450286345,0.46342171149282146,472.9732696262781,267.338934572556,312.5699024073158,89.05662447231732,78.59180503856065,7.966717106940488,121.35529567767333,5.845612043938482,8.565108612191167,0.7128641798647263,0.47587676760196007,0.003000000026077032
13,437.4619448638616,221.4636486174388,304.5837492937463,87.52104369071361,77.21045447583957,7.895264753473603,119.6130210712246,5.941787708497812,5.238508386071759,0.7042534467092382,0.45941776064032813,448.8193928829469,237.1583017487584,306.5244036662919,88.0674247036433,77.89842618986705,7.91997272286761,120.33986417434237,5.7862925500267774,5.316715341521462,0.7157868514331187,0.4799223923797929,0.003000000026077032
14,420.77007484816846,197.11140738949095,302.50322603344074,86.42948025310959,76.48568911923199,7.823731004482671,119.20800495484177,6.312024042479394,5.103241640926173,0.6793108286894252,0.4617417592739598,431.67011023532797,210.77938906706444,305.2024699754572,86.96917955302368,77.96159567111509,7.862561259850307,119.84933577177496,6.201002226813775,5.178392949921729,0.7033887650157831,0.4770144633789864,0.003000000026077032
15,565.2407534350759,201.53228036618464,444.3213788966748,86.5660408221798,166.46410956866723,8.580522822606023,162.48907577163675,7.327291549199246,7.627225240028143,2.3395316503118564,2.927584862834896,502.4482633404783,187.89969197410863,389.7084412482437,85.82375333189455,153.6841455886719,7.808094103531169,119.61807045155679,16.406600316991536,5.09075777714029,0.7467511150406847,0.5302596854088982,0.003000000026077032
16,586.3979727427338,203.82902355333374,464.10055309707036,96.4437946179462,178.82964120397511,9.006032149314333,156.12543336580174,8.655341895394828,8.195776645592689,4.149756928213778,2.694779317149402,610.8774102309799,229.6253569431553,473.1021918812305,94.8908680973318,181.27520816053058,8.951535873947252,163.0374040761175,8.818829568258431,8.188842780740552,3.6816118322985267,4.257892241246877,0.003000000026077032
17,8273.475573370899,12606.619688801264,709.5034398434509,118.80302514063008,256.8527385593879,12.167736929100647,267.1054225717453,13.513048740659583,11.05615798543404,22.33270263671875,7.672603727577063,139867.10628890866,5915.560742169472,136317.7688987372,107.72749567068375,70607.9506747266,10.45984069691512,65395.59091057489,166.26572866109095,9.58020949929695,14.031379428502964,6.152747426691859,0.003000000026077032
18,5362.967135144947,7763.372365500771,704.9435487621002,115.86144283718161,256.2009440423284,12.119638026133964,266.6025597653419,13.490036195410134,10.983287059565985,22.33270263671875,7.352940948898336,6509.161106371277,9669.745474865134,707.3135753565239,117.36179878210659,256.5692458186678,12.144111062306411,266.83991010344766,13.505147482735651,11.029347258967286,22.33270263671875,7.531304691620591,0.003000000026077032
19,4351.101370315128,6088.832183504863,697.8019157630644,111.12668905275655,255.4372870542776,12.073384733131997,266.14065602421516,13.465049971279063,10.90028983041735,22.33270263671875,6.325856492558699,4852.755757295855,6917.992900077604,701.9598395949888,113.85803571950814,255.87298984108185,12.097122531035787,266.3629620657123,13.481657588446692,10.952084509813346,22.33270263671875,7.00228949989066,0.003000000026077032
20,3875.170993995755,5264.67828809339,716.363884391792,127.56358599735161,256.16660615762277,12.02858912536268,266.16980637594514,13.432514328522712,10.811985322031905,22.33270263671875,7.858097887611708,4127.745087194073,5720.393252830226,695.5089832919782,108.21304274883381,255.25029488640638,12.054851323845428,265.99214190558314,13.455467245195617,10.869327471092198,22.33270263671875,7.341156084680176,0.002400000113993883
21,3501.729259565147,4641.928803297348,716.5718781720319,128.662295817429,255.89680193041966,11.982191253555483,265.87850576719546,13.416043696353816,10.711802781073246,22.33270263671875,7.691538625396915,3716.410077487206,4998.747709976428,717.1613331581802,128.7377153877982,256.08316815247645,12.005394486365857,266.02526067573723,13.427027149907792,10.773584051500485,22.33270263671875,7.776480414337669,0.002400000113993883
22,3196.5773269740544,4135.564892181495,715.2382995289968,128.35955233464756,255.56614935247146,11.933520379963854,265.5413941680004,13.400305833825136,10.580261511565709,22.33270263671875,7.5244087529443915,3376.1071620031826,4433.565981053769,715.9674643222436,128.520388927153,255.77071026145936,11.958982561547755,265.70472094480846,13.41199166972193,10.658490767821664,22.33270263671875,7.609486011195894,0.002400000113993883
23,2934.58194269619,3701.4778277471205,713.6951565676372,128.02272343015434,255.18275374454348,11.878751927482655,265.1522879615001,13.381946503990534,10.395935259537517,22.33270263671875,7.348047476401948,3091.6163285608795,3961.7999874791462,714.536238697579,128.201238124953,255.41486024872216,11.907375683840302,265.34292816873216,13.395002457652412,10.503442067675355,22.33270263671875,7.438690627016394,0.002400000113993883
24,2697.902839202626,3310.196136714156,711.7850914204913,127.63636195754515,254.7162086285038,11.815801743517115,264.67949500213166,13.359453919412296,10.096604455447551,22.33270263671875,7.148467605765994,2841.040927060257,3547.010801533356,712.8343547123708,127.84230317016775,254.99512850514466,11.848841167020531,264.9172934505144,13.374835956228365,10.270940592012238,22.33270263671875,7.252312651610116,0.002400000113993883
25,2517.5549770860507,3013.1138880659537,709.6865819352978,127.27322736811632,254.25247364030105,11.75720324157785,264.2095872897652,13.336978219300969,9.569758448869294,22.33270263671875,6.954649480268254,2631.778499952566,3201.5291523830647,710.8609361739326,127.46767573183963,254.52973803945972,11.787997131234981,264.4457755051769,13.352334731648362,9.888225098979145,22.33270263671875,7.056487912905319,0.0019200000679120421
26,2337.1354551321306,2719.2289142640466,705.5980386683146,126.83855896021133,253.6697059015579,11.688405842892312,263.6187140583174,13.308654976762288,7.442627407635073,22.33270263671875,6.698666679120033,2450.3675875904237,2903.8763300202213,708.0417174458335,127.06999661585732,254.00909266916827,11.724523457613858,263.91800010221266,13.327068240490487,8.824912951923984,22.33270263671875,6.83541776878074,0.0019200000679120421
27,2143.737851494926,2398.238170674589,704.7949042436973,125.39366818588111,252.39742429645793,11.632297493881135,262.5170764166166,13.297342021978551,10.949096305082831,22.33270263671875,6.275299737696229,2302.2879892801407,2577.328086085998,755.8910868400271,125.73246581183261,252.8527137915763,11.671845881582389,262.91831809798083,13.31763179870028,60.562099342337845,22.33270263671875,6.503310392127492,0.0019200000679120421
28,1968.7401059713072,2108.9237359053745,703.3858151499104,124.79336106380403,251.47361044076067,11.536654868161259,261.5818443067766,13.251077830046476,10.904691790196363,22.33270263671875,7.511867703635854,2073.6734064809734,2284.448325410581,703.0043596502023,125.11301539635687,251.99493728869723,11.586992693943733,262.06476093488794,13.27904758958323,10.93694928224232,22.33270263671875,5.6959510582722634,0.0019200000679120421
29,1782.985167831038,1812.7115389107125,695.3581959112231,124.05839340489153,250.29002597131617,11.419414136947266,260.3851782670934,13.19156325181973,10.847451282324169,22.33270263671875,2.833464478819114,1893.0534499839964,1988.5459001735398,699.9258586239624,124.4490334118838,250.94883367799068,11.481169666402542,261.00643590717004,13.226544446437106,10.886516733798661,22.33270263671875,5.594627764537734,0.0019200000679120421
30,1637.3027929011762,1570.2095439960863,695.1770299441952,123.34269546881464,249.09566714166797,11.304263091871789,259.1795988643932,13.13129198267199,10.789317758365758,22.33270263671875,6.0014930730496845,1727.040468345102,1716.59413911331,697.0839392246087,123.72058670432885,249.7537743944319,11.364661270048122,259.7991381216305,13.16634507863139,10.828542838718944,22.33270263671875,6.1181914663173975,0.0015360000543296337
31,1484.6223609869437,1323.8486411523966,690.3131431836456,122.48902040922944,247.63164563018998,11.163666755388938,257.704180490624,13.05713713633702,10.717494140871015,22.33270263671875,5.217302053823639,1574.4245789756062,1469.0996227825697,692.9647708830641,122.93857491667143,248.43021773666015,11.237478945633734,258.46409723615506,13.099442704633399,10.763871144731983,22.33270263671875,5.698385567597808,0.0015360000543296337
32,1330.896143113641,1077.9257402098963,684.1406737055974,121.46911334785399,245.8392758591282,10.989130399858547,255.90178402625077,12.965955654438817,10.62877748122287,22.33270263671875,4.013933767392228,1419.3538332668832,1219.5583041384841,687.6188267756963,122.00293599399875,246.8044487761533,11.08068941437876,256.8274630663523,13.016914051036295,10.683756074841755,22.33270263671875,4.8699138236246675,0.0015360000543296337
33,1182.1322126150412,836.8885970429571,679.9990319660292,120.2334887797725,243.61721114041856,10.765971132836672,253.67235737855293,12.852467227137963,10.51793348025308,22.33270263671875,6.006906168363622,1266.9388346941748,973.2747559087853,682.9739605234145,120.88426122027953,244.81475368525213,10.883807552994087,254.82903008272683,12.915442337889129,10.584827716261094,22.33270263671875,5.7291398044749355,0.0015360000543296337
34,1036.4127256659845,608.7024102661844,671.191270012213,118.69160477284272,240.7833967158522,10.466052624099648,250.8339221204093,12.70749869131564,10.376001228816829,22.33270263671875,5.000102476886784,1116.9035027836464,734.9472519369932,675.9351319414353,119.50886883770607,242.31454183997687,10.626135768625385,252.32281917968055,12.787641249630491,10.459806727079787,22.33270263671875,5.582618485106353,0.0015360000543296337
35,928.3693825571215,443.52158220185396,662.256421004272,117.10684295496547,237.81749681626616,10.124630663766155,247.8662792425221,12.555893642031267,10.227776558704438,22.33270263671875,4.224801004602961,987.6740419116353,535.6416133241703,666.2890633613429,117.94655811696667,239.41623897988586,10.307849999838748,249.4213926646866,12.639403406111263,10.314731254448269,22.33270263671875,3.910189951291662,0.001228800043463707
36,828.383836652995,297.4467359030106,649.9157885130551,115.09129626961632,233.98029079854064,9.58019089532512,244.02969766871445,12.359586661784592,10.036426767355973,22.33270263671875,2.5055981703654613,882.5660997588346,377.49755606647653,656.067555641948,116.15941064590673,236.04061378184377,9.8817179912212,246.04489758379572,12.466755167789291,10.146194301305174,22.33270263671875,2.995266592511723,0.001228800043463707
37,789.4819620422124,237.66846476768933,646.8808762935053,113.57758694875587,231.8062183843466,10.262757631646227,242.03704791917642,12.252116750608605,9.915900941587976,22.33270263671875,4.696546182477774,823.3180795253699,259.7191671102916,667.4865739749566,114.07512267091553,232.18781156073564,31.638556107534725,242.2304278345445,12.270233592793009,9.951608630502632,22.33270263671875,2.8001124367465104,0.001228800043463707
38,718.574164917937,144.80786223080696,631.689442449732,110.50942485066376,226.10054322599476,9.989872791116152,236.35631639799692,11.967851609659185,9.641107395637336,22.32779085534741,4.796535211368061,755.9453137486133,195.54767272368312,638.616705061192,112.10014466286853,229.08746633184333,10.13422195687882,239.28476770090307,12.11866599889308,9.791958011092614,22.331133095991976,3.7683530815737134,0.001228800043463707
39,638.1622252771944,80.2804349731265,589.9939619148371,105.9797639271149,217.22108085128818,9.561206792691564,227.58960139345518,11.52111585101821,9.217665620449155,4.926818985883338,3.976716595673116,685.7488745453712,114.81894214189023,616.8575047508734,108.49040907820262,222.22971646716096,9.799915436203325,232.47772747791385,11.77490603638196,9.462732846308375,18.15663102564881,4.465465913154327,0.001228800043463707
40,534.9462171100251,48.01319724404994,506.1382989784568,80.0613297535835,196.47159658525436,7.982831859126954,199.37205876751898,9.908640406622954,7.864215636479627,2.591088857659364,1.886535928663623,602.3475047938739,65.83205769915195,562.848268267493,99.39455447370669,209.16035437054452,9.087786945234098,218.42175257914099,11.030095996383034,8.7892422158613,3.703205430863684,3.261270500079715,0.0009830400813370943
41,530.3848327965574,33.897685274209124,510.04622173619714,80.40299388863693,181.4162815710493,39.87667957918651,189.99679851967568,8.409054316091442,6.573331092896759,1.6344432921383916,1.7366451934003218,519.7714506657793,39.18170654527234,496.26242703424344,77.60905421989098,192.43601730842454,7.443834427970333,197.73425072124445,8.85235416611414,7.028888185545125,2.984934041229096,2.173093773554222,0.0009830400813370943
42,485.75913718641186,42.65553247467275,460.1658169014222,88.5140354826411,163.36130688004815,7.157839661089508,182.79574177063873,8.239586174137576,6.470600792404611,1.562345749364263,2.0643559456314993,476.88311084847055,36.27759909016887,455.11655043345445,74.72796446154746,171.6671566004931,7.184158662387675,184.12844518284453,8.124811077128353,6.382685540085248,1.3094299087090404,1.5918970746918901,0.0009830400813370943
43,460.1070520424841,42.580845077068524,434.55854356789376,85.12582930431414,153.54766194879025,6.892153130472807,172.3282015789808,8.368824441131107,6.059704713832105,1.0450413881667877,1.191129972444166,469.8590280357355,42.90644924104142,444.11515740833926,83.46500181058944,157.75858780873733,7.0716520517480905,178.4263192420845,8.333461883435584,6.265867926492535,1.2888255602759717,1.5054424805135698,0.0009830400813370943
44,446.9473036277856,44.13210990085085,420.46803602321864,82.75551955885045,144.6637423475439,6.629885072034926,170.8868849549086,7.890762981255897,5.840477323791631,0.9244125273511801,0.8763480787285307,452.2015421956781,44.377189638317056,425.5752262173486,84.14386983966817,149.670966325006,6.796318679757823,168.68226111069535,8.179597136306889,6.023224607727848,1.0261750135637193,1.0528125805388446,0.0009830400813370943
45,438.676684820042,41.359783120962994,413.8608138441723,80.15615332893785,145.27628289419826,6.610521195894244,166.5163292171325,7.499065788237639,5.918217075492818,1.0813427167025769,0.8029014510268263,446.0121504229955,45.8768097577347,418.48606352247407,81.6454801835921,144.6021477924944,6.711278115929693,169.82182194328246,7.738742565354924,5.999161099985906,1.027374054772394,0.940061914967755,0.0007864320650696754
46,408.7039820061756,49.11390558489074,379.23563823142297,78.78236237106447,128.9687992001318,6.304857283267412,150.14076300100075,7.34089848246821,5.735343136111994,1.111525335824878,0.8510938550855823,422.2723493067966,45.412024638726095,395.025133657711,79.7479243748507,137.4988396860241,6.477577179530141,156.2741929911743,7.327785377389766,5.806065732469549,1.0056201606490083,0.8871279027813856,0.0007864320650696754
47,416.2159755729636,44.19029921041394,389.7017955343399,78.01820680793408,133.43943157456354,6.471430690342731,156.9786976420755,7.377730211061216,5.652839922270498,0.9392252061793688,0.8242317509332319,428.6160632939845,47.40811546625317,400.1711932604741,79.34734372359216,142.58728179080313,6.738712286430119,156.04569782473666,7.482042814498265,6.002531789139707,0.955176512700256,1.012404804390925,0.0007864320650696754
48,410.49505693024446,40.846562978087576,385.98711688624877,75.82469297749755,133.19264548585767,6.5237990073170735,156.01842655757486,7.220584389104646,5.58327141228825,0.876097292046257,0.7476006003854585,402.38429255413024,44.12365804617364,375.91009528161453,76.594835976414,125.80935327245923,6.340001669327548,152.54430286660784,7.247614763612729,5.6190774084741575,0.9237172169597205,0.8311906193776616,0.0007864320650696754
49,378.9414724124566,46.40726785727867,351.097110631126,73.9963951938194,112.50254887673545,6.110842496473764,144.0989606162604,7.027308375028865,5.651364926582672,0.9692573594068231,0.7404336653427898,384.26117864128224,44.6350041727388,357.48017443114514,75.00204969138419,115.12228279126289,6.199728878018319,146.64689619704706,7.13071830371005,5.674514019180212,0.9157779665447641,0.7882039119998809,0.0007864320650696754
50,379.73773575548995,42.666006539649985,354.13813086426944,72.5952102464571,108.00904453965033,6.128571929169494,153.54794747798854,6.82060840260724,5.494957513981092,0.848067168504708,0.6937207222910812,381.04707570624237,45.27935965454248,353.879458076987,73.46884389138042,111.77508424817961,6.112672221541939,148.421700185791,6.932516209133187,5.5548700391692,0.8963849106146384,0.7173850479878191,0.0007864320650696754
51,372.38001661308743,40.08898383170481,348.3266257007583,70.74519202684614,110.53953323737767,5.960516760843091,147.4867200012349,6.7620718326896725,5.30617802830972,0.8859498674178402,0.6404616293938987,372.9127603165105,41.564834828841555,347.9738572357181,71.05740354609117,109.78331042061149,6.110547243512025,147.17620573178408,6.836763792024401,5.445146017478339,0.8492181687787487,0.7152629654160502,0.0007864320650696754
52,352.8672891871444,42.07671624939985,327.6212578786984,68.33133651123681,102.59805404729441,6.003991270040529,137.34163017388758,6.701170631256158,5.208132349394625,0.8082099569834019,0.6287319747581265,363.6328833971982,42.589582445949866,338.0791328612961,69.6486978951331,108.59126579035112,6.003239868897706,140.2745999973799,6.773214576568036,5.298115022567701,0.8218199161507215,0.6681819029976432,0.0007864320650696754
53,350.29125862798696,41.277938160441025,325.52449456103193,67.10641768095846,98.31195912719656,7.017722435606337,139.14493247105904,6.78740367616054,5.711374025684189,0.7982402886123804,0.6464444734715491,353.8015133046358,40.73618248711137,329.3598022694635,67.02974157580634,102.96051033903898,6.989858870458817,138.7158828683604,6.772364403979547,5.357903215585476,0.7901522720711665,0.7433888624969268,0.0007864320650696754
54,343.6154835728141,39.4759152524076,319.92993379320643,66.56154402286386,98.33284946338675,6.819581924295854,134.83125378834296,6.7198296561464295,5.148886424584915,0.7825111031101918,0.7334782279930259,373.3784509468308,43.84114682446187,347.07376182096266,68.1941056342814,119.32229930667775,7.131682963799549,138.53351996730316,6.99932154929947,5.348876179105773,0.8386540628668907,0.7053014235219527,0.0007864320650696754
55,337.19733962739343,34.791340238021704,316.3225350816183,65.7771425272493,95.92572966337406,6.558112360385648,134.96868812309177,6.544429847168602,5.167416560807348,0.7757865758236026,0.6052326870539079,344.8228261956187,39.31234783067861,321.2354161465224,66.8347491973887,100.48775721050146,6.728501820196509,133.96466357576784,6.637038859219327,5.130948259929327,0.7642336424911665,0.6875227526989303,0.0007864320650696754
56,326.2484490079222,35.56968042355764,304.90664009549334,65.55496962296148,90.86946437149084,6.121694971480066,129.49082195877824,6.501161611364148,5.065371171013713,0.7223241420630484,0.580830484660466,333.6688626436159,36.17299400499021,311.96506660744365,65.1317451351021,95.39241917385547,6.334895215244709,132.12543104034248,6.544801181156386,5.0781163046206395,0.7486964586839779,0.6089651961645325,0.0007864320650696754
57,308.3276047964435,34.59165002861322,287.57261354775943,63.2694319054259,80.73227159493706,5.668895239825192,125.20999739366545,6.428737786563276,4.985963390975709,0.7068340331026636,0.5704801594026206,321.25045792726024,35.999182643208066,299.65094802400733,64.21603051980493,89.21055979614458,5.921345639758292,127.47695464887579,6.479219749685633,5.018351377354267,0.7302803195236209,0.5982060273201457,0.0007864320650696754
58,345.0307440323599,35.05725871508849,323.99638819709514,64.02195794217921,117.40840322930981,5.818641371550016,123.49949284714643,6.818000557914107,5.057963316854585,0.7147086594055405,0.6572235418895799,312.75185743581676,35.40394814131023,291.50948653989514,62.978811076453965,87.09021816956842,5.605729405747737,123.03370515768904,6.472203026740142,4.965599981964632,0.7238968691488361,0.6393213708517315,0.0007864320650696754
59,293.8425799130031,35.59953379625174,272.4828573249412,60.46959596470162,77.69038203544899,7.218674523692891,114.566949111792,6.291179019199844,4.950807478125128,0.7185461176298243,0.5767271033057308,307.83985607922176,32.85161785713733,288.1288851437612,61.844795576762664,86.34180031369439,6.721645808900658,120.23779382425043,6.4968382968199405,5.075609630991184,0.7456323869274529,0.6647676318417675,0.0007864320650696754
60,292.9231966991731,32.1901811806257,273.60908684622154,60.891152790383515,76.18256687998651,6.997203766913297,116.70986377899793,6.3512139810995585,5.049307374278934,0.7261864886833445,0.7015911024684827,303.5349985875312,33.13666149615563,283.653001455389,61.162376548617694,86.61936295829317,7.086021996316471,116.05696226311335,6.385391407547106,4.974462665179772,0.7280955742386443,0.6403256968118576,0.0007864320650696754
61,300.2291767187238,33.40987973212805,280.18324774695253,61.247308073316916,87.19010483926141,6.919737876017473,112.27227351372258,6.352993163238797,4.888032021676542,0.7071476407721812,0.6056492299088451,294.2315143901949,31.46105270690384,275.35488186836136,60.3736115899966,80.75500721812,6.878720779281231,114.80142496607911,6.2805515877098035,4.939387399875653,0.7204018630484316,0.6057741654909045,0.0007864320650696754
62,291.6492151895185,33.05624145302487,271.81546897816196,59.14860761340049,83.3185775805246,6.64081324980132,110.51643925460675,6.132880515565536,4.813901798308386,0.6991930073468217,0.545058133244283,293.05600387561554,30.41950658170781,274.8042992847569,59.69226267144529,82.27760525185852,6.6558446083427745,113.68191242040658,6.27644282714398,4.901694424185499,0.7194551398360016,0.5990845578502688,0.0007864320650696754
63,291.17683561341926,32.38901893039392,271.74342238896196,57.50128213808214,84.14595176843468,6.377535271637419,111.31350104154058,6.128809336717667,4.795097584347918,0.6917678049985068,0.7894796300853162,295.26674042232133,30.341388107298137,277.0619063144204,59.507800557214054,86.10172233168399,6.38078506508537,112.52511721791409,6.229121376056794,4.9615661566112195,0.7289575699603918,0.6268361476080356,0.0007864320650696754
64,287.70785481145396,27.865437710425056,270.98859117581645,58.36127530297679,80.72458384867306,6.018702990703,113.06253526469203,6.689948956456411,4.801095466229305,0.7130190101656583,0.6174292531869795,289.8990572862716,30.287944062352636,271.7262896579617,58.209922390320074,84.08701631942263,6.209669859948454,110.9770330970129,6.1213564799711175,4.801048229356496,0.7180176627817229,0.6022232464061187,0.0007864320650696754
65,808.0718758199674,387.35536075868833,575.658649160901,109.67816679388292,209.74468915307236,9.983376292943975,216.43456203186403,11.24073825534453,9.241363906176975,5.159289396471356,4.176461235737379,1035.5921909560548,302.9490187920075,853.8227691299844,83.80970988343,161.89193996508317,8.475776018948748,157.23690582065063,8.712719627574842,428.60893680903024,2.733768835355698,2.353028497397541,0.0007864320650696754
66,777.0310829099373,350.97511361573396,566.446006245521,106.2289699507181,208.9459273762402,9.866417402968516,215.50885629957799,11.068703941575997,9.099940757849538,3.520959814297169,2.206230873652472,797.3714572633986,375.4683035973738,572.0904662939042,108.14331725566761,209.96733022651634,9.925632487030914,216.49655374047688,11.177676967791532,9.177240568156211,4.26480600210786,2.9379025570817596,0.0007864320650696754
67,746.429354585215,317.44617087167506,555.9616488484452,102.07993928516856,206.64488602154066,9.772236321806643,213.25463567962825,10.831714867899978,8.970841540512486,2.701065118407452,1.706332498089971,763.9563636558607,336.68493624633885,561.9453951488529,104.2830593884089,207.89384815836615,9.82301377879753,214.4120845763379,10.962012863931216,9.04329223776787,3.0436104413860803,2.484466137621051,0.0007864320650696754
68,717.0735028343096,290.196770683184,542.9554347907956,92.61485932963136,203.5097478175846,9.718028452563129,210.3164339067899,10.447753187557822,8.883566058503979,3.391074278603542,4.073967275996928,736.1335563396758,306.36599207962513,552.3139549549998,98.52988059587753,205.34370043773043,9.764481827540076,211.86398939402486,10.680685370929027,8.932945093718912,2.890670510562162,4.3076020539061215,0.0007864320650696754
69,785.2591112118739,340.06295568537496,581.2213287925256,115.94684364371639,210.71811796445584,10.560421017846926,215.47225338758722,11.395647242303797,9.010385205864832,4.7204321713063235,3.397230794640204,1007.7350041942724,327.5004678427188,811.2347110238746,351.508494209479,207.76440096334457,10.25927345132739,213.4516631626037,10.991544929874138,8.99351083646782,4.076194687597002,4.189693691615476,0.0007864320650696754
70,763.422297092919,312.64017362563044,575.8381877129511,115.4716987281217,209.75045835127068,10.418607045396316,213.70731097624278,11.324576514048221,8.845930144819635,3.6996714428348008,2.619937015780245,776.1555434184111,329.0674771562523,578.7150476278538,115.72599972928461,210.28032199653882,10.491091688565307,214.606059833189,11.365160049435973,8.934826379322585,4.129375956718646,3.182220799489194,0.0006291456520557404
71,743.7350328235361,288.95239206022006,570.3635904037584,115.02138886494627,208.8124499347458,10.290002330010788,211.74458716044336,11.248424153781396,8.68352063317804,2.7743571371445688,1.7888640630422248,756.3502640356421,303.5637250832872,574.2120243143871,115.27019857288306,209.32964943999627,10.35770396082475,212.74719674795125,11.292122326642128,8.775750898764544,3.2903448708038363,3.14905230961956,0.0006291456520557404
72,727.7494769435846,267.4149240759248,567.3005174214765,114.55661905620107,207.86444683986292,10.167386878173525,209.47164589305697,11.165049556099612,8.486582758076958,2.9357238359166726,2.6530639602570467,738.2369851359731,280.73673902561046,569.7949357766732,114.81492246421861,208.38885819548108,10.23134250732679,210.63717077305535,11.212298563723621,8.598068520037145,2.532530996317207,3.3797429777733177,0.0006291456520557404
73,711.8341662117895,247.50073086607364,563.3337199588777,114.08472342551532,206.8660736864389,10.052582102818533,206.7007207631302,11.072572706747481,8.204353608869376,2.764861132773021,3.587825196194211,721.1553347530935,259.8990573830892,565.2158948420279,114.34652864785649,207.41992943011206,10.11267724948487,208.1369317070085,11.124819373813217,8.364879795216767,2.7807312696901563,2.929395936065163,0.0006291456520557404
74,697.2094592149274,232.38862127180914,557.7762796336092,113.68569668076888,206.37334620150227,9.977551223171249,204.30945428844564,11.051908838929231,8.842568507227254,2.322991852549955,1.2127673641791494,706.4270831997918,241.90389401358962,561.2847382650114,113.89979729080159,206.60810581128402,10.013931548487188,205.43041200953934,11.059988276101139,9.058868245971032,2.449418910026237,2.764218990553157,0.0006291456520557404
75,683.8099251286948,218.04069092115714,552.9855059340534,113.3136078689225,205.5587031076458,9.900201819968935,201.04373757253575,10.970545566698538,8.797163212047971,2.279174982189131,1.1223722694608924,692.3042417917898,227.4263128037135,555.8484512761443,113.52730296558212,206.01850318053192,9.942139513395297,202.76330120711393,11.017224223044362,8.829681052197618,2.1378820595315084,1.6124165510664412,0.0005033165216445923
76,644.5701921791294,203.86742497630308,522.2497306193355,113.27085496194937,203.7656945699454,9.820317546390742,173.24806367623592,10.851988243319203,8.221130519506268,1.8300440171789791,1.241635940947594,671.1632817027058,213.0581769034529,543.3283704025924,113.2993640905918,204.78052081817637,9.86328798497927,192.46699192242005,10.924868479662868,8.614623372005225,2.0735845345921855,1.3051298565656426,0.0005033165216445923
77,636.8626705528893,189.68696521748288,523.0504835494103,112.74439350740917,202.94301518524574,9.720756747303145,175.73158878301064,10.694704877323751,7.764757284087692,1.833975556508863,1.6172901499119132,645.6345400132623,198.72061795221222,526.4021637560489,113.01555855474253,203.53119888364088,9.77431838781851,177.69603843175665,10.7884928272741,8.065803288083254,1.8512673123818417,1.6794872812754789,0.0005033165216445923
78,727.1071698852569,268.78095043228177,565.8385936435645,114.04373439916834,211.23271820842086,9.94430876324638,203.36081155136847,11.264925750435284,10.043966706855532,3.281862691218015,2.6662601608157117,721.9625576391951,205.69175512390837,598.5474998274643,112.96866247604666,204.69386014572157,9.743790665023399,177.46267407739361,10.78032977741952,78.84469790448767,2.2798155269063596,1.7736674488640602,0.0005033165216445923
79,709.363861657394,253.5694702551577,557.2221749080916,113.78606659787732,210.67827199243095,9.882448849895702,197.22687825047305,11.177918952152309,10.009042294187202,2.0603874089847434,2.4011597491404855,719.3833758115586,263.36580885897683,561.3638855187459,113.94028900483677,211.0038921229754,9.916431370872779,200.3169482116065,11.228588856253788,10.038115949706897,2.399360797530699,2.5202557835611783,0.0005033165216445923
80,694.9308002385224,241.31069966821633,550.1443750772559,113.5495844335175,210.16277829363685,9.82230957847545,191.45120643148522,11.091510482818133,9.973714402842026,1.7856974276164017,2.307574343153806,703.44255773855,249.3738974911446,553.8182150433145,113.69096213761102,210.45761813330788,9.85493835173372,194.45363408034328,11.141204760640862,10.001764424036818,1.8829034440379973,2.335190022543371,0.00040265321149490774
81,677.4175628627888,229.19961646466334,539.8977872050734,113.28059868011421,209.58356881327504,9.748753851275083,182.44159469435473,10.983499631518377,9.932194642587913,1.7055015902424935,2.22208148086012,687.9127129693611,237.15892974950333,545.6173499132087,113.43971692460747,209.9132651268634,9.788761289671884,187.4132667594086,11.04507591703269,9.963707279968595,1.754962220845057,2.298604698570301,0.00040265321149490774
82,638.4442833206982,217.25452488094646,508.0915635999449,112.98066211820735,208.92448754857438,9.654493436189187,152.1264856137818,10.839791654546051,9.882339528140166,1.5515370853645674,2.1317649836013737,661.6485764699931,225.05691813598406,526.6144182559711,113.15274705293207,209.2893418955889,9.70540365877017,169.79197803543636,10.919674753477661,9.917308865484479,1.6477378536373974,2.1902297848411547,0.00040265321149490774
83,623.7439856524932,205.73635711348578,500.3021690640542,112.66383706550775,208.34411663619545,9.541092576498837,145.77397587488252,10.68349271527077,9.848921932081383,1.384575097575163,2.062156918520766,632.3946491805251,213.28325206129364,504.4246935976398,112.84937251656156,208.67096460899734,9.60264583823848,149.0111648898432,10.770669678501404,9.875997559506006,1.49146414143475,2.1524157400609054,0.00040265321149490774
84,611.469388583014,194.35912638895002,494.85390966758814,112.2969052379679,207.72803993789535,9.389431086038567,141.80965711478186,10.480585434972609,9.814720139019508,1.3875954189039186,1.946975739790001,618.4776387378979,201.7832984619675,497.40765499711335,112.50818239584909,208.07664013336685,9.472403890937127,143.50402096718202,10.593906959915119,9.842532490604151,1.3956852061340839,2.0142816752863717,0.00040265321149490774
85,601.1305290726928,185.34866400406398,489.92132541316477,111.97114484530486,207.2194193472334,9.227507350735815,138.2322769171299,10.271597589597599,9.789941847841142,1.2566294107754565,1.952808913424119,606.9550292354459,191.53693629182308,492.0328613721937,112.15724753352801,207.51200373930973,9.314976453702881,139.578596937436,10.386615267312184,9.812314453433816,1.3042590109919343,1.9668483077377787,0.0003221225633751601
86,590.5147669505027,176.28973898647538,484.74091772402846,111.63538525628336,206.65708490361322,8.998796207424952,134.66317201112594,9.990008967347196,9.766215896481247,1.1789240415725601,1.8513327568824067,597.4191999027497,182.48442657373886,487.9285398808158,111.82860276735842,206.9763917988701,9.125073103659028,136.81046219297733,10.14602576333941,9.788674563420521,1.311832152692563,1.9414791156186433,0.0003221225633751601
87,582.1167003238364,167.12978422944644,481.8388258001787,111.2595087424953,206.10079357730538,8.640596556258574,133.38453130078057,9.648546968290074,9.738560573181523,1.2527129571540798,1.8135765566201307,588.4932472655502,173.30235066177573,484.5118322035453,111.47104557806469,206.4211672098602,8.840890804587485,134.98118504172746,9.822410333731701,9.76297432248773,1.3281215467907879,1.8840370798460464,0.0003221225633751601
88,574.7106234618266,157.62362402806485,480.1364441811052,110.84023887430412,205.50247477877372,8.334972702700144,132.81989815395352,9.506098312370835,9.70833942498465,1.6041808391437031,1.8202408224501567,578.8458704124745,164.04190953030079,480.420719411725,111.07867868237965,205.84383504425406,8.49209671690302,132.50318662140356,9.572283961086693,9.734304827368895,1.3525354379429206,1.8437930733901173,0.0003221225633751601
89,557.7364704908416,140.88936253061925,473.20284965487383,109.90267358865512,204.49126630533257,7.825830966505634,129.1075286902794,9.328670743081467,9.627440480771453,1.3175874521424356,1.6018475963534469,568.3711041662393,152.2622505090336,477.01375023716975,110.49466570361857,205.11694245796969,8.124123593908264,131.08238377960777,9.444004768172938,9.688055014665064,1.3330659179324433,1.7305120379433643,0.0003221225633751601
90,530.7154715158542,107.04419302775393,466.4889523929988,107.78398445279007,201.83744535447994,7.634923816167385,128.02713368885352,9.017666625235805,9.42665798275521,1.3388472130238427,1.4222942336958093,546.7503928457957,127.47070277862666,470.2679707938531,108.98349511906376,203.44443831210612,7.633219748771291,128.57572245433522,9.183870183366508,9.549774695428662,1.3195363951125822,1.5779152094385398,0.00025769806234166026
91,496.10658124229843,66.11331825881297,456.4385884082595,104.6922634226897,196.50381741783139,7.5821728534863855,125.98506829146727,8.799600514157174,9.126507455252865,1.7798933188881279,1.9692658914947323,514.5531293808299,87.48541102603937,462.06188105504003,106.34394544470611,199.42881797103624,7.743460569036384,127.29390844836067,8.907600503509824,9.295574339092619,1.4436181899351281,1.6049482196181468,0.00025769806234166026
92,468.34838806925234,42.731730596622015,442.7093484350254,101.78478970979016,190.97199293191423,7.316996928322672,119.56041620479509,8.621177616791806,8.844259100396174,3.582426968306312,2.027283229175283,483.3578160261641,53.721508329930025,451.12491031017,103.17184559332048,193.62000048221847,7.382715946291824,124.51448613947088,8.723991322890372,8.986625331794782,2.6018040514842595,2.1234501928511627,0.00025769806234166026
93,471.82968471758613,43.219651376145045,445.8978927641935,102.46195344580892,189.57581861502388,7.915788694214835,123.94031171493795,8.97975462018943,8.9249709105624,2.7673717790244265,1.331925460501494,470.6288674862324,41.32213085572264,445.8355878381966,101.57607997756155,189.7476913574005,7.296813509394102,119.50070988089938,13.92520854285582,8.838167325866886,3.088127714945208,1.8627862380091098,0.00025769806234166026
94,461.8783564703589,40.47865866879204,437.59116058729376,101.76057735998475,188.84988444218524,8.669522306575649,117.48918366925811,8.691723899344687,8.869676455742479,1.9075708112019476,1.353024836853271,465.28058566427404,42.809021555298905,439.59517040446735,102.16879848609176,189.31647410245137,7.478226864811315,119.15371046910309,8.836609961623736,8.91231402468204,2.3707731313406017,1.358261756192228,0.00025769806234166026
95,456.1956935661697,37.1520267784232,433.9044761877856,100.90401151565449,187.77250050401622,7.737843902334781,116.83170563471127,8.585202763333147,8.793611229820723,1.8381407517160677,1.44145742594842,459.2999964497984,39.496123300653984,435.6023204283072,101.33772473470373,188.33692932796615,7.921537958497149,117.33757470997584,8.642671705792031,8.840450716806362,1.7861894949065975,1.3992414661758434,0.00020615845278371125
96,452.0324105719027,34.59511039295066,431.2753440310859,100.18596559402519,186.74561645242392,7.505236480806164,116.50525956662098,8.506941694564242,8.732445983974358,1.7919043253695512,1.3019711686195294,454.423080339172,36.531209338273406,432.5043542651402,100.5698767523186,187.28804801504404,7.628690578394758,116.62113382330922,8.557452950197476,8.77368408547829,1.683836804856723,1.3816315843218878,0.00020615845278371125
97,447.878440968569,32.90326185726974,428.1364828349236,99.62318593246835,186.0738771385024,7.181423859885383,115.29821828842111,8.431129811730363,8.690400287475953,1.582562188085195,1.2556866434683793,450.5151625289892,34.42564666768078,429.85977319413394,99.92867019481386,186.45188645906515,7.360822534002995,115.99519960348982,8.478320351811288,8.722237655415132,1.6208131619400117,1.3018217884911292,0.00020615845278371125
98,443.66807090204856,30.853930503297054,425.15571107674754,98.94205715589572,185.0714552978736,7.125739925431889,114.24288473167614,8.357069697365851,8.637115663418319,1.5681041831133993,1.2112855878227229,446.24520510122767,32.51667125782446,426.73520109124263,99.3201554234447,185.5814802710017,7.062993440543545,114.8956569608616,8.404078216707141,8.675734836806642,1.5496417221935894,1.2454565954917813,0.00020615845278371125
99,439.09644532154766,28.649888553905775,421.9065110783274,98.13261005134625,183.85099448893754,6.98202600955924,113.65312213228414,8.283702663769787,8.572303983375724,1.315643673919534,1.1161021703090919,441.84916240482227,30.23416067648607,423.708664295984,98.5297974479132,184.46709835335014,7.055495894746829,114.08415313393526,8.326366598060206,8.612191265357843,1.453989170466428,1.179572439757104,0.00020615845278371125
100,434.75204076319125,26.867882293172418,418.63131077274,97.40530411512368,182.66937787577865,6.928732599532764,112.59609680221688,8.225940030842398,8.512898821716375,1.2542723069953778,1.0386866478437056,437.3114319648905,28.235697739912766,420.37001218379504,97.78695226172078,183.2658312699164,6.979304870360921,113.14109551354944,8.259571104234345,8.55236724784241,1.291757624697834,1.0931260308138508,0.00016492676513735205
101,430.4179782617556,25.10779596745073,415.3533004353012,96.63723064412487,181.24007997047758,6.9387443640187545,111.76936929287152,8.165610681603768,8.449280754297812,1.1928437205642684,0.9601377624359864,433.2852762938198,26.5200535401045,417.3732429907523,97.08092389191779,182.0190693615641,6.909611832376982,112.42207078941018,8.199561406715526,8.495181546171075,1.2336931972375338,1.0131323653411948,0.00016492676513735205
102,425.81035121378017,23.51359448525387,411.7021944655164,95.8083240974459,179.86937726163774,6.823228709935014,110.71677279555165,8.084288854337908,8.382442998530076,1.1223630833129563,0.8953965334256108,428.75616361599054,24.734061349965383,413.9157249484904,96.22219985763272,180.58114807476113,6.896330672767905,111.54805020552575,8.129249646619066,8.423924678238695,1.1767324565367474,0.9380871945157274,0.00016492676513735205
103,420.57366191583463,21.982693506161603,407.38404608355785,94.9212445461316,178.22742443023682,6.702976017294595,109.31618461403352,8.005450054947332,8.307712875831324,1.0621351752295405,0.8409176816144905,423.7827621241287,23.06947759960689,409.94107513043804,95.33649872413754,178.98022631536804,6.751855764200202,110.48452445550711,8.0509168388885,8.35016371632363,1.1075518431594134,0.879335095703491,0.00016492676513735205
104,414.6146045116517,19.760094094347505,402.75854683490974,93.35089993101924,175.61026515542844,6.7845941035664,109.03316419178009,7.921822179346153,8.164574470078694,1.0627336802714875,0.8304915880898047,418.11193782554756,21.165762044240786,405.4124799694382,94.09955230769646,176.95650396961545,6.716206842668076,109.51894716689107,7.963870461510563,8.241591041138443,1.0783084289678897,0.8375011091941218,0.00016492676513735205
105,409.6051473993932,18.56723608453024,398.4648056136692,92.33276601663627,173.5782015990126,6.498593560266204,108.2447195124829,7.855598162011062,8.07023866267309,1.0602911745494792,0.8243933644355512,412.3092420740965,19.46459859174681,400.6304830883541,92.84568119497688,174.55495900996155,6.6202721476307085,108.70131781001854,7.892263843407843,8.126174841520758,1.064677539258827,0.8251361014636676,0.00013194141502026469
106,403.87051264984035,17.47408311840377,393.3860625073049,91.19753525522701,171.26740313365306,6.4149642676776075,106.87506007050098,7.774285542098652,7.966323093287752,1.0642287619241795,0.8262683150478954,406.6831646243092,18.31823885001339,395.6922209735199,91.79238517101035,172.31250550191103,6.455038610009132,107.40265633232835,7.8228486575648395,8.027088241808759,1.0621222339903886,0.8175772410646177,0.00013194141502026469
107,408.38307517836563,19.89166717413488,396.4480752001001,93.2654565552883,174.47495023655793,6.576130637917024,104.42369514112481,7.888184525201563,8.192002578196789,0.9138370806473212,0.7138176174193553,413.20254557665584,20.10796535772798,401.13776574564145,93.17042885206419,174.236828451696,6.6290569842715925,109.28472204889644,7.92393856827924,8.166347932455615,0.9585906557136442,0.767849754196929,0.00013194141502026469
108,400.9636069922401,17.558125034945018,390.42873106776693,90.88988498232543,171.42021324888665,6.4659837748026705,104.22828497118643,7.720879192559394,7.981681283576723,0.9689264063422641,0.7528807448062099,404.2958343509198,18.916913843066226,392.94568565509707,92.04476089402422,172.9409046045814,6.5749278383617025,103.85960448026891,7.765671251378582,8.091121362317457,0.9439938370879716,0.7247015826942858,0.00013194141502026469
109,395.95436781653785,16.90970038073957,385.80854828537736,90.10041749675291,169.2535805984037,6.252575370012969,102.90118999578752,7.720125105130419,7.910610351612579,0.944674443604241,0.725370060296196,398.53852113599186,17.469696287383215,388.05670205410377,90.45844718583393,170.27791416262943,6.315411520896288,103.5268503541094,7.828327109419586,7.948963986250624,0.9622384830893631,0.7385535406578606,0.00013194141502026469
110,392.6821223975917,16.042128554841504,383.0568447020703,88.89342575964238,167.7417262412003,6.101663589503622,101.9498835199723,8.907286519122405,7.817050183141818,0.9437038552672069,0.7021026500295869,394.06009412915114,16.847742315846766,383.95144718421807,89.6663978275357,168.94183209056914,6.179263340176202,101.81730327850332,7.820887134889194,7.892124137110554,0.9324843030035359,0.7011546027724271,0.00010555313201621175
111,387.82413038398755,15.418103639763176,378.5732675268637,87.84969634963859,165.6227321636754,6.0069817626052116,101.99225979697974,7.729949464918738,7.723796537093755,0.9514380899654731,0.696414027154907,390.09946232574435,16.043208174835396,380.4735376040662,88.46045275926981,167.0649804137309,6.033970481913038,101.56258186262711,7.913983439919255,7.791682381374859,0.9469741990146068,0.6989110285246507,0.00010555313201621175
112,384.336411865842,14.77614713041839,375.4707231000206,86.60101427929024,163.2457390723583,5.906327896657039,102.8961947987567,7.532595322494209,7.614176936833364,0.963532924081533,0.7111446033945504,385.74645703303946,15.303595588395298,376.5642998794173,87.15983985005316,164.45964177992056,5.927290177478295,102.01421786455289,7.647029989228156,7.673565509634641,0.9698232533229857,0.7128918364199021,0.00010555313201621175
113,380.94400476297574,15.446114704866682,371.6763360576172,85.39151390594631,160.50397050651645,5.865981744154275,103.19457984963753,7.526408656409066,7.509604276936662,0.9630957075341429,0.7211799714030118,382.1034192747862,14.757664065563944,373.24882167627953,85.99141831497644,161.9460072564865,5.865412504638314,102.66113451598915,7.525639715007952,7.571041536336393,0.9706910045281788,0.7174779200577368,0.00010555313201621175
114,376.61431951955547,13.946401695784811,368.24647826914736,84.15869882739752,157.94887539156448,5.845573820190246,103.68616496988777,7.517574111980314,7.417686094892262,0.9460629223065522,0.7258455424565956,378.59365392020777,14.434300895593266,369.93307377266785,84.91635307776903,159.5138820092744,5.849165171740183,102.99702129190827,7.506401770459968,7.487082713517015,0.953279888078272,0.7098829138202019,0.00010555313201621175
